階層1,階層2,階層3,階層4,内容,チェック
原紙(予備),,,,原紙(予備),
【作業日】,,,,【作業日】,
|  |,,,,|  |,
| --- |,,,,| --- |,
【開始時刻】,,,,【開始時刻】,
|  |,,,,|  |,
| --- |,,,,| --- |,
なにかあったらすぐに西山へ🫡,,,,なにかあったらすぐに西山へ🫡,
090-7500-9595,,,,090-7500-9595,
10:00過ぎても宿泊者がまだ居る,,,,10:00過ぎても宿泊者がまだ居る,
タバコ臭い、壊れてる　などなど,,,,タバコ臭い、壊れてる　などなど,
📝[予約情報（ベッド数など）](https://docs.google.com/spreadsheets/d/18OoUHMsED94CylvjncVDsg7jvOpelRrdUsXCcKaUCDU/edit?usp=sharing),,,,📝[予約情報（ベッド数など）](https://docs.google.com/spreadsheets/d/18OoUHMsED94CylvjncVDsg7jvOpelRrdUsXCcKaUCDU/edit?usp=sharing),
駐車場,,,,駐車場,
駐車場,,,,ゴミ拾い（ゴミボックス内のゴミ袋使用）,□
駐車場,,,,ゴミボックスがいっぱい→西山に連絡,□
駐車場,,,,雑草チェック,□
駐車場,,,,補充）ビニール袋（都度）,□
駐車場,,,,（除草剤散布）毎回は不要,□
駐車場,,,,（草抜き）毎回は不要,□
テラス,,,,テラス,
テラス,,,,安全チェーン 設置位置のズレ、外れたりしていないか,□
テラス,,,,忘れ物チェック,□
テラス,,,,落ち葉や虫の死骸の清掃,□
テラス,,,,床面に残飯あったら流し台へ,□
テラス,,,,トング、包丁、ハサミ、お皿などの洗浄,□
テラス,ガスコンロ,,,ガスコンロ,
テラス,ガスコンロ,,,網の洗浄,□
テラス,ガスコンロ,,,受皿の洗浄,□
テラス,ガスコンロ,,,コンロ本体の洗浄,□
テラス,ガスコンロ,,,フタの裏,□
テラス,ガスコンロ,,,受皿を乗せるところ,□
テラス,ガスコンロ,,,本体の両サイドに格納してあるテーブル,□
テラス,灰皿,,,灰皿,
テラス,灰皿,,,ゴミを、流し台の水切りネットへ捨てる,□
テラス,灰皿,,,本体、ふたの洗浄,□
テラス,灰皿,,,階段下に設置（水は不要）,□
テラス,流し台,,,流し台,
テラス,流し台,,,残飯の回収（水切りネットごとを捨てる）,□
テラス,流し台,,,三角コーナーの洗浄,□
テラス,流し台,,,生ゴミかごの洗浄,□
テラス,流し台,,,天板の洗浄,□
テラス,流し台,,,シンク内の洗浄,□
テラス,流し台,,,下の棚部分 洗浄,□
テラス,交換,,,交換,
テラス,交換,,,水切りネット,□
テラス,交換,,,スポンジ（汚れている場合）2枚,□
テラス,テーブル、イス,,,テーブル、イス,
テラス,テーブル、イス,,,油汚れの除去（洗剤スポンジ）,□
テラス,テーブル、イス,,,ホースで高圧洗浄,□
テラス,テーブル、イス,,,折りたたみイス、簡易テーブル、タープテントの片付け（テラスのBOXへ）,□
テラス,補充,,,補充,
テラス,補充,,,食器洗剤【毎回】,□
テラス,補充,,,パイプユニッシュ（都度）,□
テラス,次の予約がBBQ利用あり,,,次の予約がBBQ利用あり,
テラス,次の予約がBBQ利用あり,,,コンロの受皿に水を入れる（MAX目盛りの8割）,□
テラス,次の予約がBBQ利用あり,,,コンロの網をセット,□
テラス,次の予約がBBQ利用あり,,,ガスボンベをセット（1階備品庫、解錠番号007）,□
テラス,次の予約がBBQ利用あり,,,電池をセット（1階備品庫、解錠番号007）,□
テラス,次の予約がBBQ利用あり,,,着火テスト（右も左も）↓着火しない原因↓,□
テラス,次の予約がBBQ利用あり,,┗①ガス欠②ぬれてる③電池切れ（電池予備：靴箱左上）,┗①ガス欠②ぬれてる③電池切れ（電池予備：靴箱左上）,
テラス,次の予約がBBQ利用あり,,,コンロに自転車カバーをかけて、足部分をしばる,□
テラス,次の予約がBBQ利用あり,,,BBQセットをキッチンガス台の上に置く（保管場所：1階備品庫、解錠番号007）,□
テラス,次の予約がBBQ利用あり,,↓セット内容↓,↓セット内容↓,
テラス,次の予約がBBQ利用あり,,↓セット内容↓,トング（大）,□
テラス,次の予約がBBQ利用あり,,↓セット内容↓,ハサミ（白）,□
テラス,次の予約がBBQ利用あり,,↓セット内容↓,包丁（カバー付）,□
テラス,次の予約がBBQ利用あり,,↓セット内容↓,まな板（木製）,□
テラス,次の予約がBBQ利用あり,,↓セット内容↓,予備ボンベx2（振って残量チェック）,□
テラス,次の予約がBBQ利用あり,,↓セット内容↓,ゴミ袋（大きい30L）3枚程度,□
テラス,次の予約がBBQ利用あり,,↓セット内容↓,ゴミ袋（小さいやつ）箱ごと,□
テラス,次の予約がBBQ利用あり,,↓セット内容↓,コールマンのランタン,□
テラス,次の予約がBBQ利用あり,,↓セット内容↓,でか照明（コンセント式）,□
テラス,次の予約がBBQ利用あり,,↓セット内容↓,ガスコンロ説明書,□
テラス,次の予約がBBQ利用あり,,↓セット内容↓,注意事項カード（日本語、英語）,□
テラス,次の予約がBBQ利用あり,,写真　追加予定,写真　追加予定,
テラス,次の予約がBBQ利用あり,,[](https://www.notion.so),[](https://www.notion.so),
テラス,次の予約がBBQ利用あり,,,空のボンベに穴あけ（穴あけ器具はボンベの収納ボックス内）,□
テラス,次の予約がBBQ利用あり,,,空のボンベを駐車場のゴミ置場に捨てる,□
テラス,次の予約がBBQなし,,,次の予約がBBQなし,
テラス,次の予約がBBQなし,Ａ、今回はBBQ利用がなかった（作業なし）,,Ａ、今回はBBQ利用がなかった（作業なし）,
テラス,次の予約がBBQなし,Ｂ、今回はBBQ利用があった ↓↓↓↓↓,,Ｂ、今回はBBQ利用があった ↓↓↓↓↓,
テラス,次の予約がBBQなし,Ｂ、今回はBBQ利用があった ↓↓↓↓↓,,コンロにつけているガスの残量チェック,□
テラス,次の予約がBBQなし,Ｂ、今回はBBQ利用があった ↓↓↓↓↓,,コンロからガスボンベ連結器具を外す,□
テラス,次の予約がBBQなし,Ｂ、今回はBBQ利用があった ↓↓↓↓↓,,電池を外す,□
テラス,次の予約がBBQなし,Ｂ、今回はBBQ利用があった ↓↓↓↓↓,,受け皿をセット（水入れない！）,□
テラス,次の予約がBBQなし,Ｂ、今回はBBQ利用があった ↓↓↓↓↓,,網をセット,□
テラス,次の予約がBBQなし,Ｂ、今回はBBQ利用があった ↓↓↓↓↓,,コンロに自転車カバーをかけて、足部分をしばる,□
テラス,次の予約がBBQなし,Ｂ、今回はBBQ利用があった ↓↓↓↓↓,,BBQセットの回収,□
テラス,次の予約がBBQなし,Ｂ、今回はBBQ利用があった ↓↓↓↓↓,↓セット内容↓,↓セット内容↓,
テラス,次の予約がBBQなし,Ｂ、今回はBBQ利用があった ↓↓↓↓↓,↓セット内容↓,トング（大）,□
テラス,次の予約がBBQなし,Ｂ、今回はBBQ利用があった ↓↓↓↓↓,↓セット内容↓,ハサミ（白）,□
テラス,次の予約がBBQなし,Ｂ、今回はBBQ利用があった ↓↓↓↓↓,↓セット内容↓,包丁（カバー付）,□
テラス,次の予約がBBQなし,Ｂ、今回はBBQ利用があった ↓↓↓↓↓,↓セット内容↓,まな板（木製）,□
テラス,次の予約がBBQなし,Ｂ、今回はBBQ利用があった ↓↓↓↓↓,↓セット内容↓,予備ボンベx2（振って残量チェック）,□
テラス,次の予約がBBQなし,Ｂ、今回はBBQ利用があった ↓↓↓↓↓,↓セット内容↓,ゴミ袋（大きい30）3枚程度,□
テラス,次の予約がBBQなし,Ｂ、今回はBBQ利用があった ↓↓↓↓↓,↓セット内容↓,ゴミ袋（小さいやつ）箱ごと,□
テラス,次の予約がBBQなし,Ｂ、今回はBBQ利用があった ↓↓↓↓↓,↓セット内容↓,コールマンのランタン,□
テラス,次の予約がBBQなし,Ｂ、今回はBBQ利用があった ↓↓↓↓↓,↓セット内容↓,照明器具（コンセント式）,□
テラス,次の予約がBBQなし,Ｂ、今回はBBQ利用があった ↓↓↓↓↓,↓セット内容↓,ガスコンロ説明書,□
テラス,次の予約がBBQなし,Ｂ、今回はBBQ利用があった ↓↓↓↓↓,↓セット内容↓,注意事項カード（日本語、英語）,□
テラス,次の予約がBBQなし,Ｂ、今回はBBQ利用があった ↓↓↓↓↓,↓セット内容↓,＋ガスボンベ連結器具,□
テラス,次の予約がBBQなし,Ｂ、今回はBBQ利用があった ↓↓↓↓↓,↓セット内容↓,＋使用中ボンベx2（振って残量チェック）,□
テラス,次の予約がBBQなし,Ｂ、今回はBBQ利用があった ↓↓↓↓↓,↓セット内容↓,＋電池,□
テラス,次の予約がBBQなし,Ｂ、今回はBBQ利用があった ↓↓↓↓↓,↓セット内容↓,BBQセットを1階備品庫におさめる（解錠番号007）,□
テラス,次の予約がBBQなし,Ｂ、今回はBBQ利用があった ↓↓↓↓↓,↓セット内容↓,空のボンベに穴あけ（穴あけ器具はボンベの収納ボックス内）,□
テラス,次の予約がBBQなし,Ｂ、今回はBBQ利用があった ↓↓↓↓↓,↓セット内容↓,空のボンベを駐車場のゴミ置場に捨てる,□
テラス,写真（テラス）,,,写真（テラス）,
テラス,写真（テラス）,![20250912_141700 (1).jpg](20250912_141700_(1).jpg),,![20250912_141700 (1).jpg](20250912_141700_(1).jpg),
テラス,写真（テラス）,![20250926_070705.jpg](20250926_070705.jpg),,![20250926_070705.jpg](20250926_070705.jpg),
テラス,写真（テラス）,![20251002_072555.jpg](20251002_072555.jpg),,![20251002_072555.jpg](20251002_072555.jpg),
テラス,写真（テラス）,![20250926_070710.jpg](20250926_070710.jpg),,![20250926_070710.jpg](20250926_070710.jpg),
テラス,写真（テラス）,![20250926_070716.jpg](20250926_070716.jpg),,![20250926_070716.jpg](20250926_070716.jpg),
テラス,写真（テラス）,![20251002_072542.jpg](20251002_072542.jpg),,![20251002_072542.jpg](20251002_072542.jpg),
2階ベランダ（テラス側）,,,,2階ベランダ（テラス側）,
2階ベランダ（テラス側）,,,,鳥の糞除去（濡らしたティッシュなどで拭き掃除）,□
2階ベランダ（テラス側）,,,,虫の死骸除去,□
2階ベランダ（テラス側）,,,,クモの巣（クモがいたら殺す。くも用スプレーの使用も可）,□
2階ベランダ（テラス側）,,,,ゴミ拾い,□
2階ベランダ（テラス側）,,,,屋外スリッパの整頓（スリッパ大2個）,□
2階ベランダ（テラス側）,,,,テーブルとイスの整頓,□
2階ベランダ（テラス側）,,,,ほうきの整頓,□
2階ベランダ（テラス側）,写真（2階ベランダ（テラス側））,,,写真（2階ベランダ（テラス側））,
2階ベランダ（テラス側）,写真（2階ベランダ（テラス側））,![20250912_141651 (1).jpg](20250912_141651_(1).jpg),,![20250912_141651 (1).jpg](20250912_141651_(1).jpg),
敷地内（テラスとベランダ以外）,,,,敷地内（テラスとベランダ以外）,
敷地内（テラスとベランダ以外）,,,,敷地内のゴミ掃除,□
敷地内（テラスとベランダ以外）,,,,落ち葉や虫の死骸の清掃,□
敷地内（テラスとベランダ以外）,,,,雑草チェック,□
敷地内（テラスとベランダ以外）,,,,（除草剤散布）毎回は不要,□
敷地内（テラスとベランダ以外）,,,,（草抜き）毎回は不要,□
最初に室内全体のチェック,,,,最初に室内全体のチェック,
最初に室内全体のチェック,【エアコン使用してください】,,,【エアコン使用してください】,
最初に室内全体のチェック,【音楽などお聴きください】,,,【音楽などお聴きください】,
最初に室内全体のチェック,【Wi-Fiご利用いただけます】,,,【Wi-Fiご利用いただけます】,
最初に室内全体のチェック,【Wi-Fiご利用いただけます】,,,全部屋　写真か動画を撮影（損害あり → 西山へ）,□
最初に室内全体のチェック,【Wi-Fiご利用いただけます】,,,写真はLINEグループのアルバムへ,□
最初に室内全体のチェック,【Wi-Fiご利用いただけます】,,,タバコのにおいチェック（あり → 西山へ）,□
最初に室内全体のチェック,換気（ドアを開ける,,,換気（ドアを開ける,
最初に室内全体のチェック,換気（ドアを開ける,,,和室押入,□
最初に室内全体のチェック,換気（ドアを開ける,,,1階備品庫（番号007）,□
最初に室内全体のチェック,換気（ドアを開ける,,,キッチン換気扇　常時ON,□
最初に室内全体のチェック,換気（ドアを開ける,,,脱衣所収納,□
最初に室内全体のチェック,換気（ドアを開ける,,,お風呂換気扇　常時ON,□
最初に室内全体のチェック,換気（ドアを開ける,,,タオル集め（トイレx2、キッチンx1、洗面所x1、脱衣所人数分）,□
最初に室内全体のチェック,換気（ドアを開ける,,,シーツ集め（2階和室マットも見ること）,□
2階ベランダ（和室側）,,,,2階ベランダ（和室側）,
2階ベランダ（和室側）,,,,障子破れていない？（補修キット用意する予定）,□
2階ベランダ（和室側）,,,,鳥の糞除去（濡らしたティッシュなどで拭き掃除）,□
2階ベランダ（和室側）,,,,虫の死骸除去,□
2階ベランダ（和室側）,,,,クモの巣（クモがいたら殺す。くも用スプレーの使用も可）,□
2階ベランダ（和室側）,,,,ゴミ拾い,□
2階ベランダ（和室側）,,,,スリッパなしが正解,□
2階ベランダ（和室側）,,,,テーブルとイスなしが正解,□
2階ベランダ（和室側）,,,,窓を施錠,□
2階ベランダ（和室側）,,,,障子を閉める,□
2階リビング,,,,2階リビング,
2階リビング,,,,冷蔵庫の中チェック（空にする）,□
2階リビング,補充（都度）,,,補充（都度）,
2階リビング,補充（都度）,,,ティッシュ,□
2階リビング,補充（都度）,,,殺虫スプレー,□
2階リビング,補充（都度）,,,コロコロ,□
2階リビング,補充（都度）,,,マモルーム（ゴキブリ忌避）,□
2階リビング,補充（都度）,,,ダニスプレー,□
2階リビング,補充（都度）,,,ゴミの回収,□
2階リビング,補充（都度）,,,ゴミ箱の中に予備のゴミ袋あるか？5枚程度（30L）,□
2階リビング,補充（都度）,,,ゴミ箱にゴミ袋（30L）を装着,□
2階リビング,補充（都度）,,,おもちゃ片付け（除菌シート、ほこり取り）,□
2階リビング,補充（都度）,,,エアコンリモコン（黒）電池ある？,□
2階リビング,補充（都度）,,,カウンター照明リモコン電池ある？,□
2階リビング,ほこり取り,,,ほこり取り,
2階リビング,ほこり取り,,,エアコン,□
2階リビング,ほこり取り,,,煙感知器,□
2階リビング,ほこり取り,,,分電盤,□
2階リビング,ほこり取り,,,カウンター照明,□
2階リビング,ほこり取り,,,カウンターイスの足,□
2階リビング,ほこり取り,,,換気扇,□
2階リビング,ほこり取り,,,窓の木額縁、3か所,□
2階リビング,ほこり取り,,,窓サッシ3か所　虫除去,□
2階リビング,マド拭き掃除（窓用シート）,,,マド拭き掃除（窓用シート）,
2階リビング,マド拭き掃除（窓用シート）,,,テラス側マド　※必須,□
2階リビング,マド拭き掃除（窓用シート）,,,カウンター側マド（指紋、クモの巣、フン）,□
2階リビング,マド拭き掃除（窓用シート）,,,和室側マド（指紋、クモの巣、フン）,□
2階リビング,拭き掃除（除菌シート）,,,拭き掃除（除菌シート）,
2階リビング,拭き掃除（除菌シート）,,,カウンター,□
2階リビング,拭き掃除（除菌シート）,,,テーブル,□
2階リビング,拭き掃除（除菌シート）,,,エアコンリモコン,□
2階リビング,拭き掃除（除菌シート）,,,カウンター照明リモコン,□
2階リビング,2階和室のマットレス,,,2階和室のマットレス,
2階リビング,A、グレーのカバーのとき（掛ふとんと枕なし）,,,A、グレーのカバーのとき（掛ふとんと枕なし）,
2階リビング,A、グレーのカバーのとき（掛ふとんと枕なし）,グレーカバー,,グレーカバー,
2階リビング,A、グレーのカバーのとき（掛ふとんと枕なし）,グレーカバー,,コロコロかける,□
2階リビング,A、グレーのカバーのとき（掛ふとんと枕なし）,グレーカバー,,カバー汚れがひどいときは洗濯,□
2階リビング,A、グレーのカバーのとき（掛ふとんと枕なし）,グレーカバー,,代わりは1階和室引き出し一番下に、色違いがある。,□
2階リビング,A、グレーのカバーのとき（掛ふとんと枕なし）,防水シーツ（グレーのカバーの下に敷いている）,,防水シーツ（グレーのカバーの下に敷いている）,
2階リビング,A、グレーのカバーのとき（掛ふとんと枕なし）,防水シーツ（グレーのカバーの下に敷いている）,,汚れているときは手洗いして乾かす,□
2階リビング,A、グレーのカバーのとき（掛ふとんと枕なし）,防水シーツ（グレーのカバーの下に敷いている）,,（洗濯機だと機械が壊れます）,□
2階リビング,A、グレーのカバーのとき（掛ふとんと枕なし）,防水シーツ（グレーのカバーの下に敷いている）,,洗濯後、1階和室押入引き出し最下段へ収納,□
2階リビング,A、グレーのカバーのとき（掛ふとんと枕なし）,防水シーツ（グレーのカバーの下に敷いている）,,交換品も同じ場所にある,□
2階リビング,B、ベージュのシーツのとき,,,B、ベージュのシーツのとき,
2階リビング,B、ベージュのシーツのとき,,,ベージュシーツを取り外して洗濯,□
2階リビング,B、ベージュのシーツのとき,グレーのカバーはそのまま装着,,グレーのカバーはそのまま装着,
2階リビング,B、ベージュのシーツのとき,グレーのカバーはそのまま装着,,コロコロかける,□
2階リビング,B、ベージュのシーツのとき,グレーのカバーはそのまま装着,,カバー汚れがひどいときは洗濯,□
2階リビング,B、ベージュのシーツのとき,グレーのカバーはそのまま装着,,代わりは1階和室引き出し一番下に、色違いがある。,□
2階リビング,B、ベージュのシーツのとき,防水シーツ（グレーのカバーの下に敷いている）,,防水シーツ（グレーのカバーの下に敷いている）,
2階リビング,B、ベージュのシーツのとき,防水シーツ（グレーのカバーの下に敷いている）,,汚れているときは手洗いして乾かす,□
2階リビング,B、ベージュのシーツのとき,防水シーツ（グレーのカバーの下に敷いている）,,（洗濯機だと機械が壊れます）,□
2階リビング,B、ベージュのシーツのとき,防水シーツ（グレーのカバーの下に敷いている）,,洗濯後、1階和室押入引き出し最下段へ収納,□
2階リビング,B、ベージュのシーツのとき,防水シーツ（グレーのカバーの下に敷いている）,,交換品も同じ場所にある,□
2階リビング,B、ベージュのシーツのとき,防水シーツ（グレーのカバーの下に敷いている）,,掛け布団x1、枕x2を1階和室の押入へ,□
2階リビング,B、ベージュのシーツのとき,,,次の宿泊者人数を確認（乳幼児を除く）,□
2階リビング,次回3～8人（乳幼児を除く）,,,次回3～8人（乳幼児を除く）,
2階リビング,次回3～8人（乳幼児を除く）,,,グレーのカバーのまま,□
2階リビング,次回1、2、9、10（乳幼児を除く）,,,次回1、2、9、10（乳幼児を除く）,
2階リビング,次回1、2、9、10（乳幼児を除く）,ベッド化する。1階の押入から以下のものを持ってくる,,ベッド化する。1階の押入から以下のものを持ってくる,
2階リビング,次回1、2、9、10（乳幼児を除く）,ベッド化する。1階の押入から以下のものを持ってくる,,セミダブル敷きシーツ　1枚,□
2階リビング,次回1、2、9、10（乳幼児を除く）,ベッド化する。1階の押入から以下のものを持ってくる,,セミダブル掛け布団カバー　1枚,□
2階リビング,次回1、2、9、10（乳幼児を除く）,ベッド化する。1階の押入から以下のものを持ってくる,,セミダブル掛け布団　1枚,□
2階リビング,次回1、2、9、10（乳幼児を除く）,ベッド化する。1階の押入から以下のものを持ってくる,,枕カバー　2枚,□
2階リビング,次回1、2、9、10（乳幼児を除く）,ベッド化する。1階の押入から以下のものを持ってくる,,枕　2個,□
2階リビング,次回1、2、9、10（乳幼児を除く）,1、2名宿泊の時は2階で寝るので、1階和室の寝具は準備する必要なし,,1、2名宿泊の時は2階で寝るので、1階和室の寝具は準備する必要なし,
2階リビング,次回1、2、9、10（乳幼児を除く）,9、10名の場合は1階和室も準備必要,,9、10名の場合は1階和室も準備必要,
2階リビング,次回1、2、9、10（乳幼児を除く）,,,シーツに髪の毛ついてない？,□
2階リビング,コロコロ,,,コロコロ,
2階リビング,コロコロ,,,和室　青でかクッション,□
2階リビング,コロコロ,,,和室　クッション4個,□
2階リビング,コロコロ,,,洋室　ソファ,□
2階リビング,コロコロ,,,洋室　カウンターイス,□
2階リビング,コロコロ,,,畳にクイックルワイパー,□
2階リビング,コロコロ,,,掃除機かけ,□
2階リビング,和室の整頓,,,和室の整頓,
2階リビング,和室の整頓,,,マットレスのシーツ整える（皴なく）,□
2階リビング,和室の整頓,,,クッション4個の位置調整（マットレスの上に）,□
2階リビング,和室の整頓,,,青でかクッションを和室の角に設置,□
2階リビング,和室の整頓,,,青でかクッションの形を整える（皴なく）,□
2階リビング,写真,,,写真,
2階リビング,写真,![20250912_150655.jpg](20250912_150655.jpg),,![20250912_150655.jpg](20250912_150655.jpg),
2階リビング,洋室の整頓,,,洋室の整頓,
2階リビング,洋室の整頓,,,ソファの位置調整,□
2階リビング,洋室の整頓,,,ソファの背もたれ位置調整,□
2階リビング,洋室の整頓,,,テーブルの位置調整,□
2階リビング,洋室の整頓,,,カウンターイスの整頓,□
2階リビング,洋室の整頓,,,冷蔵庫上の整頓（掃除道具、虫対策品）,□
2階リビング,洋室の整頓,,,おもちゃの整頓（カウンター右端）,□
2階リビング,洋室の整頓,,,リモコン2個の整頓（カウンター上、電源タップの横）,□
2階リビング,写真,,,写真,
2階リビング,写真,![20250912_150704.jpg](20250912_150704.jpg),,![20250912_150704.jpg](20250912_150704.jpg),
2階リビング,写真,![20250912_150713.jpg](20250912_150713.jpg),,![20250912_150713.jpg](20250912_150713.jpg),
2階リビング,写真,![20250926_073900(1).jpg](20250926_073900(1).jpg),,![20250926_073900(1).jpg](20250926_073900(1).jpg),
2階リビング,写真,![20250926_073900(2).jpg](20250926_073900(2).jpg),,![20250926_073900(2).jpg](20250926_073900(2).jpg),
2階リビング,写真,![20250926_073900(3).jpg](20250926_073900(3).jpg),,![20250926_073900(3).jpg](20250926_073900(3).jpg),
2階リビング,写真,,,窓閉めた？3か所,□
2階リビング,写真,,,【最終】髪の毛など落ちていない？,□
2階リビング,写真,,,消灯,□
2階リビング,写真,,,ドアは閉めておく（虫侵入対策）,□
2階トイレ,,,,2階トイレ,
2階トイレ,,,,窓サッシの虫除去,□
2階トイレ,拭き取りシート（使い捨て手袋あります）,,,拭き取りシート（使い捨て手袋あります）,
2階トイレ,拭き取りシート（使い捨て手袋あります）,,,【シートは便器に流さない！詰まる】,□
2階トイレ,拭き取りシート（使い捨て手袋あります）,,,窓　木製額縁,□
2階トイレ,拭き取りシート（使い捨て手袋あります）,,,床　全面,□
2階トイレ,拭き取りシート（使い捨て手袋あります）,,,便器　手洗部分（ほこり溜まる,□
2階トイレ,拭き取りシート（使い捨て手袋あります）,,,便座まわり（裏もしっかり,□
2階トイレ,拭き取りシート（使い捨て手袋あります）,,,ノズル（ボタン操作で出てきます,□
2階トイレ,拭き取りシート（使い捨て手袋あります）,,,便器ブラシ掃除（黒ずみなど）,□
2階トイレ,拭き取りシート（使い捨て手袋あります）,,,ゴミ袋(黒)の回収,□
2階トイレ,拭き取りシート（使い捨て手袋あります）,,,ゴミ袋(黒)の装着(便器の裏にストックある,□
2階トイレ,補充,,,補充,
2階トイレ,補充,,,【毎回】ハンドソープ,□
2階トイレ,補充,,,ゴミ袋（黒）,□
2階トイレ,補充,,,トイレットペーパー,□
2階トイレ,補充,,,拭き取りシート,□
2階トイレ,補充,,,便器掃除ブラシの先端,□
2階トイレ,補充,,,消臭スプレー（振って確認）,□
2階トイレ,補充,,,トイレットペーパー三角折り,□
2階トイレ,補充,,,フェイスタオルセット,□
2階トイレ,補充,,,窓閉めた？,□
2階トイレ,補充,,,【髪の毛など落ちていない？】,□
2階トイレ,補充,,,スリッパ整頓,□
2階トイレ,補充,,,消灯,□
2階トイレ,補充,,,ドア開けておく（換気、明り取り）,□
2階トイレ,写真（2階トイレ）,,,写真（2階トイレ）,
2階トイレ,写真（2階トイレ）,![20250926_071950.jpg](20250926_071950.jpg),,![20250926_071950.jpg](20250926_071950.jpg),
2階トイレ,写真（2階トイレ）,![20250926_071938.jpg](20250926_071938.jpg),,![20250926_071938.jpg](20250926_071938.jpg),
2階トイレ,写真（2階トイレ）,![20250926_071955.jpg](20250926_071955.jpg),,![20250926_071955.jpg](20250926_071955.jpg),
1階トイレ,,,,1階トイレ,
1階トイレ,,,,窓サッシの虫除去,□
1階トイレ,拭き取りシート（使い捨て手袋あります）,,,拭き取りシート（使い捨て手袋あります）,
1階トイレ,拭き取りシート（使い捨て手袋あります）,,,【シートは便器に流さない！詰まる】,□
1階トイレ,拭き取りシート（使い捨て手袋あります）,,,窓　木製額縁,□
1階トイレ,拭き取りシート（使い捨て手袋あります）,,,棚板,□
1階トイレ,拭き取りシート（使い捨て手袋あります）,,,床　全面,□
1階トイレ,拭き取りシート（使い捨て手袋あります）,,,便器　手洗部分ほこり溜まる,□
1階トイレ,拭き取りシート（使い捨て手袋あります）,,,便座まわり（裏もしっかり,□
1階トイレ,拭き取りシート（使い捨て手袋あります）,,,ノズル（ボタン操作で出てきます,□
1階トイレ,拭き取りシート（使い捨て手袋あります）,,,便器ブラシ掃除（黒ずみなど）,□
1階トイレ,拭き取りシート（使い捨て手袋あります）,,,ゴミ袋(黒)の回収,□
1階トイレ,拭き取りシート（使い捨て手袋あります）,,,ゴミ袋(黒)の装着(便器の裏にストックある,□
1階トイレ,補充,,,補充,
1階トイレ,補充,,,【毎回】ハンドソープ,□
1階トイレ,補充,,,ゴミ袋（黒）,□
1階トイレ,補充,,,トイレットペーパー,□
1階トイレ,補充,,,拭き取りシート,□
1階トイレ,補充,,,便器掃除ブラシの先端,□
1階トイレ,補充,,,消臭スプレー（振って確認）,□
1階トイレ,補充,,,トイレットペーパー三角折り,□
1階トイレ,補充,,,フェイスタオルセット,□
1階トイレ,補充,,,窓閉めた？,□
1階トイレ,補充,,,【髪の毛など落ちていない？】,□
1階トイレ,補充,,,スリッパ整頓,□
1階トイレ,補充,,,消灯,□
1階トイレ,補充,,,ドア開けておく（換気、明り取り）,□
1階トイレ,写真（1階トイレ）,,,写真（1階トイレ）,
1階トイレ,写真（1階トイレ）,![20250908_153007 (1).jpg](20250908_153007_(1).jpg),,![20250908_153007 (1).jpg](20250908_153007_(1).jpg),
2階廊下,,,,2階廊下,
2階廊下,ほこり取り,,,ほこり取り,
2階廊下,ほこり取り,,,照明器具,□
2階廊下,ほこり取り,,,消火器,□
2階廊下,ほこり取り,,,掃除機かけ,□
2階廊下,ほこり取り,,,ほうきちりとり整頓,□
2階廊下,ほこり取り,,,消火器　位置調整,□
2階廊下,ほこり取り,,,ベビーゲートは開けたままにする,□
2階廊下,ほこり取り,,,備品庫（2階和室）のカギを締める（番号007）,□
2階廊下,ほこり取り,,,髪の毛、小石など落ちていない？,□
階段,,,,階段,
階段,（綿壁触れないよう注意）,,,（綿壁触れないよう注意）,
階段,（綿壁触れないよう注意）,,,手すり拭き掃除（除菌シート）,□
階段,（綿壁触れないよう注意）,,,ほうき　または　掃除機（2階の掃除機のほうが取り回しがラク,□
階段,（綿壁触れないよう注意）,,,階段のヘリも掃除機かけ,□
階段,（綿壁触れないよう注意）,,,小石や砂が落ちていない？,□
1階和室,,,,1階和室,
1階和室,,,,押入の扉すべて開けて換気,□
1階和室,,,,洗ってきたシーツの収納,□
1階和室,リモコン3種類あるか？電池は？,,,リモコン3種類あるか？電池は？,
1階和室,リモコン3種類あるか？電池は？,,,和室1,□
1階和室,リモコン3種類あるか？電池は？,,,和室2,□
1階和室,リモコン3種類あるか？電池は？,,,ハンガー数量チェック（大10、中10、ズボン6）,□
1階和室,補充（都度）,,,補充（都度）,
1階和室,補充（都度）,,,マモルーム（ゴキブリ忌避）,□
1階和室,補充（都度）,,,ファブリーズ,□
1階和室,窓サッシの虫の死骸除去,,,窓サッシの虫の死骸除去,
1階和室,窓サッシの虫の死骸除去,,,和室1,□
1階和室,窓サッシの虫の死骸除去,,,和室2,□
1階和室,窓サッシの虫の死骸除去,,,マド拭き掃除（窓用シート）玄関棚の中,□
1階和室,窓サッシの虫の死骸除去,,,入って左側の窓ガラス（指紋、クモの巣、フン）,□
1階和室,窓サッシの虫の死骸除去,,,テラス側の窓ガラス（指紋、クモの巣、フン）,□
1階和室,ほこり取り,,,ほこり取り,
1階和室,ほこり取り,,,エアコン上,□
1階和室,ほこり取り,,,長押（なげし）,□
1階和室,ほこり取り,,,欄間（らんま）,□
1階和室,ほこり取り,,,照明,□
1階和室,ほこり取り,,,タンスの上,□
1階和室,ほこり取り,,,床の間の棚,□
1階和室,ほこり取り,,,床の間のほこり溜まる部分,□
1階和室,ほこり取り,,,コート掛け,□
1階和室,ほこり取り,,,すりガラスの格子,□
1階和室,ほこり取り,,,扉の装飾の段差部分,□
1階和室,ほこり取り,,,掃除機かけ（ざざっと）,□
1階和室,ほこり取り,,,シーツはがし（防水シートははがさない）,□
1階和室,ほこり取り,,,マットレス、枕、掛け布団 → 奥側のベッドの上に避難,□
1階和室,1、2名宿泊時,,,1、2名宿泊時,
1階和室,1、2名宿泊時,【2階リビングで寝るのでこの部屋の寝具は準備の必要なし】,,【2階リビングで寝るのでこの部屋の寝具は準備の必要なし】,
1階和室,1、2名宿泊時,【2階リビングで寝るのでこの部屋の寝具は準備の必要なし】,,防水シートはつけたまま,□
1階和室,1、2名宿泊時,【2階リビングで寝るのでこの部屋の寝具は準備の必要なし】,,シングルマットレスは押入に収納,□
1階和室,1、2名宿泊時,【2階リビングで寝るのでこの部屋の寝具は準備の必要なし】,,セミダブルマットレスはベッドの上に乗せたまま,□
1階和室,1、2名宿泊時,【2階リビングで寝るのでこの部屋の寝具は準備の必要なし】,,枕、掛け布団は畳んでセミダブルベッドの上に置く,□
1階和室,3～10名宿泊時,,,3～10名宿泊時,
1階和室,3～10名宿泊時,セミダブルベッドのセット,,セミダブルベッドのセット,
1階和室,3～10名宿泊時,セミダブルベッドのセット,,セミダブルベッドのセッティング（2台とも）,□
1階和室,3～10名宿泊時,セミダブルベッドのセット,,枕はベッド1台につき2個（計4個）,□
1階和室,3～10名宿泊時,シングルマットレスも用意する場合,,シングルマットレスも用意する場合,
1階和室,3～10名宿泊時,シングルマットレスも用意する場合,,セミダブル掛け布団は3回折ってベッド上の枕側に置く,□
1階和室,3～10名宿泊時,シングルマットレスも用意する場合,,枕2個は畳んだセミダブル掛布団の上に置く,□
1階和室,3～10名宿泊時,（玄関側のベッドの上にシングルの掛け布団と枕を置くための措置です）,,（玄関側のベッドの上にシングルの掛け布団と枕を置くための措置です）,
1階和室,3～10名宿泊時,（玄関側のベッドの上にシングルの掛け布団と枕を置くための措置です）,,シワやたるみはない？,□
1階和室,3～10名宿泊時,（玄関側のベッドの上にシングルの掛け布団と枕を置くための措置です）,,シーツに髪の毛ついていない？,□
1階和室,3～10名宿泊時,写真,,写真,
1階和室,3～10名宿泊時,写真,![250802-154329.jpg](250802-154329.jpg),![250802-154329.jpg](250802-154329.jpg),
1階和室,3～10名宿泊時,写真,![20250908_152702 (1).jpg](082c6e94-2716-4b18-932a-00276a9ca081.png),![20250908_152702 (1).jpg](082c6e94-2716-4b18-932a-00276a9ca081.png),
1階和室,3～10名宿泊時,写真,![20250912_111958 (1).jpg](f2b03896-faec-4fa3-b9fa-e0c18827a17c.png),![20250912_111958 (1).jpg](f2b03896-faec-4fa3-b9fa-e0c18827a17c.png),
1階和室,3～10名宿泊時,写真,![20250908_152723 (1).jpg](002b0937-d39c-4f75-9185-beba5fce1a21.png),![20250908_152723 (1).jpg](002b0937-d39c-4f75-9185-beba5fce1a21.png),
1階和室,3～10名宿泊時,写真,![20250912_112008 (1).jpg](20250912_112008_(1).jpg),![20250912_112008 (1).jpg](20250912_112008_(1).jpg),
1階和室,3～10名宿泊時,写真,![20250912_111952.jpg](20250912_111952.jpg),![20250912_111952.jpg](20250912_111952.jpg),
1階和室,3～10名宿泊時,シングルマットレスのセット,,シングルマットレスのセット,
1階和室,3～10名宿泊時,シングルマットレスのセット,,シングルマットレス何人分必要か確認,□
1階和室,3～10名宿泊時,シングルマットレスのセット,,不要な枕 → カバーかけず、シーツ引出しのある押入か、その左の押入へ,□
1階和室,3～10名宿泊時,シングルマットレスのセット,,不要な掛け布団 → カバーかけず、シーツ引出しのある押入、その左の押入へ,□
1階和室,3～10名宿泊時,シングルマットレスのセット,,不要なシングルマットレス → 防水シーツつけたままタンス左の押入へ,□
1階和室,3～10名宿泊時,シングルマットレスのセット,,シングルマットレスのセッティング（必要人数分）,□
1階和室,3～10名宿泊時,シングルマットレスのセット,,シーツしたシングルマットレス → タンス左の押入とクローゼットへ2個ずつ入れる,□
1階和室,3～10名宿泊時,シングルマットレスのセット,,シングル掛け布団は三回折って、玄関側ベッド上の足側（タンス側）に置く,□
1階和室,3～10名宿泊時,シングルマットレスのセット,,枕は掛け布団の上に置く,□
1階和室,3～10名宿泊時,シングルマットレスのセット,,シワやたるみはない？,□
1階和室,3～10名宿泊時,シングルマットレスのセット,,シーツに髪の毛ついていない？,□
1階和室,3～10名宿泊時,写真,,写真,
1階和室,3～10名宿泊時,写真,![20250908_152702 (1).jpg](082c6e94-2716-4b18-932a-00276a9ca081.png),![20250908_152702 (1).jpg](082c6e94-2716-4b18-932a-00276a9ca081.png),
1階和室,3～10名宿泊時,写真,![20250912_111958 (1).jpg](f2b03896-faec-4fa3-b9fa-e0c18827a17c.png),![20250912_111958 (1).jpg](f2b03896-faec-4fa3-b9fa-e0c18827a17c.png),
1階和室,3～10名宿泊時,写真,![20250908_152723 (1).jpg](002b0937-d39c-4f75-9185-beba5fce1a21.png),![20250908_152723 (1).jpg](002b0937-d39c-4f75-9185-beba5fce1a21.png),
1階和室,3～10名宿泊時,写真,![20250912_112008 (1).jpg](20250912_112008_(1).jpg),![20250912_112008 (1).jpg](20250912_112008_(1).jpg),
1階和室,3～10名宿泊時,写真,![20250912_111952.jpg](20250912_111952.jpg),![20250912_111952.jpg](20250912_111952.jpg),
1階和室,3～10名宿泊時,,,掃除機かけ,□
1階和室,3～10名宿泊時,写真,,押入,□
1階和室,3～10名宿泊時,写真,,床の間（板の裏も）,□
1階和室,3～10名宿泊時,写真,,タンス両脇,□
1階和室,3～10名宿泊時,写真,,ベッド下,□
1階和室,3～10名宿泊時,写真,,床すべて,□
1階和室,3～10名宿泊時,,,ベッド位置調整,□
1階和室,3～10名宿泊時,,,コート掛け設置場所（テラス側マド前）,□
1階和室,3～10名宿泊時,,,押入を閉じる（シングルマットレスが入っているところは除く）,□
1階和室,3～10名宿泊時,,,窓閉めた？,□
1階和室,3～10名宿泊時,,,ベッド側のマドの障子閉めた？,□
1階和室,3～10名宿泊時,,,髪の毛落ちていない？,□
1階和室,3～10名宿泊時,,,エアコンOFF（2台）,□
1階和室,3～10名宿泊時,,,消灯,□
お風呂,,,,お風呂,
お風呂,,,,【お風呂掃除用のクツが風呂入口左の窓付近に隠してあります】,□
お風呂,補充,,,補充,
お風呂,補充,,,【毎回】シャンプー,□
お風呂,補充,,,【毎回】コンディショナー,□
お風呂,補充,,,【毎回】ボディソープ,□
お風呂,補充,,,洗顔フォーム（少ないときは新しいものも置いておく）,□
お風呂,補充,,,クレンジングオイル（少ないときは新しいものも置いておく）,□
お風呂,補充,,,マジックリン,□
お風呂,補充,,,マジックリンを床、壁、洗面器、イスに吹きかける,□
お風呂,補充,,,お湯でマジックリンを流す,□
お風呂,補充,,,【日曜日のみ】カビキラーを床、壁、洗面器、イスに吹きかける,□
お風呂,補充,,,【日曜日のみ】カビキラーを水で流す,□
お風呂,補充,,,排水口の髪の毛を回収,□
お風呂,補充,,,鏡はワイパーで水を切る（使用済みのタオルでも可）,□
お風呂,補充,,,窓は閉める（小虫が入るので）,□
お風呂,補充,,,シャンプー等の位置調整,□
お風呂,補充,,,洗面器、イスの整頓,□
お風呂,補充,,,シャワーの位置調整（上のホルダーにかける）,□
お風呂,補充,,,換気扇は常にON,□
お風呂,補充,,,消灯,□
お風呂,補充,,,風呂掃除用のクツを元の場所へ,□
お風呂,写真（お風呂）,,,写真（お風呂）,
お風呂,写真（お風呂）,![20250926_075809(1).jpg](20250926_075809(1).jpg),,![20250926_075809(1).jpg](20250926_075809(1).jpg),
お風呂,写真（お風呂）,![20250926_075755.jpg](20250926_075755.jpg),,![20250926_075755.jpg](20250926_075755.jpg),
脱衣・洗面所,,,,脱衣・洗面所,
脱衣・洗面所,,,,洗ってきたタオルの収納,□
脱衣・洗面所,,,,古いものは上の段の手前に移動,□
脱衣・洗面所,ほこり取り,,,ほこり取り,
脱衣・洗面所,ほこり取り,,,照明,□
脱衣・洗面所,ほこり取り,,,タオル棚,□
脱衣・洗面所,ほこり取り,,,ブレーカー,□
脱衣・洗面所,ほこり取り,,,洗面台の棚、電球など,□
脱衣・洗面所,ほこり取り,,,洗濯機の上,□
脱衣・洗面所,ほこり取り,,,除湿器の上,□
脱衣・洗面所,ほこり取り,,,カラフルコップの洗浄（キッチンで）,□
脱衣・洗面所,洗面台,,,洗面台,
脱衣・洗面所,洗面台,,,洗面台ボウルにキッチン泡ハイター（洗面台の下の収納にある）,□
脱衣・洗面所,洗面台,,,洗面台ボウルをすすぐ,□
脱衣・洗面所,洗面台,,,洗面台のボウル周りを使用済みタオルで拭き取る,□
脱衣・洗面所,拭き掃除（除菌シート）,,,拭き掃除（除菌シート）,
脱衣・洗面所,拭き掃除（除菌シート）,,,衣装ケース天板,□
脱衣・洗面所,拭き掃除（除菌シート）,,,テーブル,□
脱衣・洗面所,拭き掃除（除菌シート）,,,イス,□
脱衣・洗面所,拭き掃除（除菌シート）,,,洗濯機 フタあけ,□
脱衣・洗面所,拭き掃除（除菌シート）,,,洗濯機 フィルター掃除,□
脱衣・洗面所,人数分用意,,,人数分用意,
脱衣・洗面所,人数分用意,,,T字カミソリ（化粧机上のコップ,□
脱衣・洗面所,人数分用意,,,歯ブラシ（化粧机上のコップ,□
脱衣・洗面所,人数分用意,,,カラフルコップ、色はバラけさせる（化粧机の上,□
脱衣・洗面所,人数分用意,,,フェスタオル（洗濯機上の棚,□
脱衣・洗面所,人数分用意,,,バスタオル（洗濯機上の棚,□
脱衣・洗面所,1枚用意,,,1枚用意,
脱衣・洗面所,1枚用意,,,フェイスタオル（洗面台横のタオル掛け,□
脱衣・洗面所,1枚用意,,,足タオル（洗濯機の口にかける,□
脱衣・洗面所,その他（重複するけど念のため）,,,その他（重複するけど念のため）,
脱衣・洗面所,その他（重複するけど念のため）,,,キッチン フェイスタオル,□
脱衣・洗面所,その他（重複するけど念のため）,,,キッチン 食器拭きタオル,□
脱衣・洗面所,その他（重複するけど念のため）,,,1階トイレ フェイスタオル,□
脱衣・洗面所,その他（重複するけど念のため）,,,2階トイレ フェイスタオル,□
脱衣・洗面所,補充,,,補充,
脱衣・洗面所,補充,,,【毎回】ハンドソープ,□
脱衣・洗面所,補充,,,【毎回】化粧水,□
脱衣・洗面所,補充,,,【毎回】乳液,□
脱衣・洗面所,補充,,,日焼け止め,□
脱衣・洗面所,補充,,,洗たく洗剤,□
脱衣・洗面所,補充,,,ワイドハイター（漂白剤）,□
脱衣・洗面所,補充,,,歯ブラシ,□
脱衣・洗面所,補充,,,T字カミソリ,□
脱衣・洗面所,【ストック切れそうなものがあれば西山へ】,,,【ストック切れそうなものがあれば西山へ】,
脱衣・洗面所,【在庫管理リストもゆくゆく用意します】,,,【在庫管理リストもゆくゆく用意します】,
脱衣・洗面所,【在庫管理リストもゆくゆく用意します】,,,床面クイックルワイパー（キッチンTV裏,□
脱衣・洗面所,【在庫管理リストもゆくゆく用意します】,,,クイックルワイパーシート交換（脱衣所ボックス内,□
脱衣・洗面所,掃除機かけ,,,掃除機かけ,
脱衣・洗面所,掃除機かけ,,,洗濯パンの中,□
脱衣・洗面所,掃除機かけ,,,衣装ケースの上,□
脱衣・洗面所,掃除機かけ,,,床面,□
脱衣・洗面所,掃除機かけ,,,物干し道具の整頓,□
脱衣・洗面所,掃除機かけ,,,洗濯かごのセット,□
脱衣・洗面所,掃除機かけ,,,化粧机の上、アメニティの整頓,□
脱衣・洗面所,掃除機かけ,,,イスの整頓,□
脱衣・洗面所,掃除機かけ,,,ドライヤーの整頓,□
脱衣・洗面所,掃除機かけ,,,タオルの整頓,□
脱衣・洗面所,掃除機かけ,,,収納のドア閉める,□
脱衣・洗面所,掃除機かけ,,,髪の毛など落ちていない？,□
脱衣・洗面所,掃除機かけ,,,消灯,□
脱衣・洗面所,写真（脱衣・洗面所）,,,写真（脱衣・洗面所）,
脱衣・洗面所,写真（脱衣・洗面所）,![20250926_080503.jpg](20250926_080503.jpg),,![20250926_080503.jpg](20250926_080503.jpg),
脱衣・洗面所,写真（脱衣・洗面所）,![20250926_082625.jpg](20250926_082625.jpg),,![20250926_082625.jpg](20250926_082625.jpg),
脱衣・洗面所,写真（脱衣・洗面所）,![20250926_080508.jpg](20250926_080508.jpg),,![20250926_080508.jpg](20250926_080508.jpg),
脱衣・洗面所,写真（脱衣・洗面所）,![20250926_082613.jpg](20250926_082613.jpg),,![20250926_082613.jpg](20250926_082613.jpg),
脱衣・洗面所,写真（脱衣・洗面所）,![20250926_082621.jpg](20250926_082621.jpg),,![20250926_082621.jpg](20250926_082621.jpg),
脱衣・洗面所,写真（脱衣・洗面所）,![20250926_082604.jpg](20250926_082604.jpg),,![20250926_082604.jpg](20250926_082604.jpg),
脱衣・洗面所,写真（脱衣・洗面所）,![20250926_082558.jpg](20250926_082558.jpg),,![20250926_082558.jpg](20250926_082558.jpg),
キッチン,,,,キッチン,
キッチン,,,,ロールスクリーン上げる,□
キッチン,,,,イス7個あるか,□
キッチン,,,,テーブル2個あるか,□
キッチン,,,,窓サッシの虫の死骸除去,□
キッチン,ほこり取り,,,ほこり取り,
キッチン,ほこり取り,,,エアコンのついているカーテンボックス,□
キッチン,ほこり取り,,,冷蔵庫上,□
キッチン,ほこり取り,,,冷蔵庫の左右すきま,□
キッチン,ほこり取り,,,照明,□
キッチン,ほこり取り,,,TV裏,□
キッチン,ほこり取り,,,TV下,□
キッチン,ほこり取り,,,ゴミ箱の上,□
キッチン,ほこり取り,,,SoftbankAirの上（白い四角いの）,□
キッチン,ほこり取り,,,窓サッシ,□
キッチン,ほこり取り,,,SoftbankAirの上（白い四角いの）,□
キッチン,ほこり取り,,,電子レンジ上,□
キッチン,ほこり取り,,,電子レンジ　後ろ、下,□
キッチン,ほこり取り,,,キッチンの中（食器入れの上とか炊飯器、IH周りとか）,□
キッチン,冷蔵庫の中をチェック,,,冷蔵庫の中をチェック,
キッチン,冷蔵庫の中をチェック,,,外に出てる調味料は冷蔵庫へ,□
キッチン,冷蔵庫の中をチェック,,,調味料以外は廃棄（持ち帰りOK）,□
キッチン,冷蔵庫の中をチェック,,,最下段に生ゴミあれば廃棄（宿泊者に入れるようお願いしている）,□
キッチン,空き缶、ビン、ペットボトル,,,空き缶、ビン、ペットボトル,
キッチン,空き缶、ビン、ペットボトル,,,ゴミ箱から取り出す,□
キッチン,空き缶、ビン、ペットボトル,,,すすぐ,□
キッチン,空き缶、ビン、ペットボトル,,,空き缶：簡単にでもつぶす,□
キッチン,空き缶、ビン、ペットボトル,,,ペットボトル：ラベル、キャップ捨てる,□
キッチン,空き缶、ビン、ペットボトル,,,分別してゴミ袋にまとめる,□
キッチン,空き缶、ビン、ペットボトル,,,とりあえず玄関外に出す,□
キッチン,空き缶、ビン、ペットボトル,,,しまってある食器、フライパンなどの状態チェック（必要に応じて洗浄）,□
キッチン,空き缶、ビン、ペットボトル,,,食器洗い,□
キッチン,空き缶、ビン、ペットボトル,,,洗面所カラフルコップの洗浄,□
キッチン,空き缶、ビン、ペットボトル,,,食器拭いて片づけ,□
キッチン,空き缶、ビン、ペットボトル,,,（食器拭きは新しいものを使用。洗濯する。洗濯方法は考えます）,□
キッチン,ケトル,,,ケトル,
キッチン,ケトル,,,中の水捨て,□
キッチン,ケトル,,,中が濡れている場合はフタを外し、逆さにして水切りカゴに置く,□
キッチン,ケトル,,,（水切りカゴに置いたままでよい）,□
キッチン,ケトル,,,濡れていなければ定位置へ（ガス台の下）,□
キッチン,炊飯器,,,炊飯器,
キッチン,炊飯器,,,使用されているか確認,□
キッチン,炊飯器,,,汚れたままの場合は洗浄,□
キッチン,炊飯器,,,食器拭きで拭く,□
キッチン,炊飯器,,,定位置へ（シンクの右下）,□
キッチン,炊飯器,,,流し台の水切りネット交換（燃えるゴミへ）,□
キッチン,炊飯器,,,スポンジ交換（必要に応じて）,□
キッチン,燃えるゴミ、生ゴミ、ビニール系,,,燃えるゴミ、生ゴミ、ビニール系,
キッチン,呉市はビニール系も燃やせるゴミです,,,呉市はビニール系も燃やせるゴミです,
キッチン,呉市はビニール系も燃やせるゴミです,,,生ゴミ（冷蔵庫最下段）回収,□
キッチン,呉市はビニール系も燃やせるゴミです,,,生ゴミ（排水口）回収,□
キッチン,呉市はビニール系も燃やせるゴミです,,,燃えるゴミだけでゴミ袋まとめる,□
キッチン,呉市はビニール系も燃やせるゴミです,,,掃除しているとゴミが出てくるので、口は縛らず室内に置いておく,□
キッチン,呉市はビニール系も燃やせるゴミです,,,ゴミ箱の中に予備のゴミ袋あるか？5枚程度（45L）,□
キッチン,呉市はビニール系も燃やせるゴミです,,,ゴミ箱にゴミ袋（45L）を装着,□
キッチン,呉市はビニール系も燃やせるゴミです,,,マド拭き掃除（窓用シート）玄関棚の中,□
キッチン,呉市はビニール系も燃やせるゴミです,,,糞、指紋、クモの巣が目立つ場合,□
キッチン,拭き掃除（除菌シート）,,,拭き掃除（除菌シート）,
キッチン,拭き掃除（除菌シート）,,,冷蔵庫の中（ほこりやソースなど）,□
キッチン,拭き掃除（除菌シート）,,,キッチンペーパーケース,□
キッチン,拭き掃除（除菌シート）,,,電子レンジの中,□
キッチン,拭き掃除（除菌シート）,,,食器水切りのトレー,□
キッチン,拭き掃除（除菌シート）,,,キッチンの上,□
キッチン,拭き掃除（除菌シート）,,,ガス台の周辺（タイルや置台、コンセント）,□
キッチン,拭き掃除（除菌シート）,,,お盆,□
キッチン,拭き掃除（除菌シート）,,,IHコンロ（よくギトギトになっている）,□
キッチン,拭き掃除（除菌シート）,,,定位置へ（ガス台の下）,□
キッチン,拭き掃除（除菌シート）,,,テーブルの上,□
キッチン,拭き掃除（除菌シート）,,,イスのひじ掛け,□
キッチン,拭き掃除（除菌シート）,,,床の飲み物こぼし跡など（よくテカってます,□
キッチン,拭き掃除（除菌シート）,,,コロコロ　イス7個,□
キッチン,拭き掃除（除菌シート）,,,イスをテーブルの上にあげる,□
キッチン,補充,,,補充,
キッチン,補充,,,【毎回】洗剤,□
キッチン,補充,,,【毎回】ハンドソープ,□
キッチン,補充,,,【毎回】水切りネット,□
キッチン,補充,,,ティッシュ,□
キッチン,補充,,,キッチンペーパー,□
キッチン,補充,,,ラップ,□
キッチン,補充,,,アルミホイル,□
キッチン,補充,,,箱入りの小さいビニール袋,□
キッチン,補充,,,コロコロ,□
キッチン,補充,,,クイックルワイパーシート,□
キッチン,補充,,,クイックルハンディもふもふ,□
キッチン,補充,,,マモルーム（ゴキブリ忌避）,□
キッチン,補充,,,ラーメン（5食）階段下ケース内にある,□
キッチン,補充,,,調味料（冷蔵庫内）,□
キッチン,補充,,,照明リモコンあるか？電池は？,□
キッチン,補充,,,エアコンリモコンあるか？電池は？,□
キッチン,TV,,,TV,
キッチン,TV,,,指紋よごれ、TV裏の布で拭く,□
キッチン,TV,,,リモコンあるか？電池は？,□
キッチン,TV,,,履歴消去（電源ONしたときの画面の左上が（t）であれば不要。人名などの場合は宿泊客のアカウントの可能性があるためログアウト処理）,□
キッチン,TV,,,音量を20に,□
キッチン,TV,,,電源OFF,□
キッチン,TV,,,リモコンの整理,□
キッチン,TV,,,照明（部屋出入口のわき）,□
キッチン,TV,,,エアコン、TV（TV下のティッシュケース）,□
キッチン,TV,,,電源タップを定位置へ（TV下）,□
キッチン,TV,,,炊飯器、IHコンロ、ケトルの整頓,□
キッチン,TV,,,鍋敷きを定位置へ（冷蔵庫側面に貼付け）,□
キッチン,TV,,,食器の整頓,□
キッチン,TV,,,洗った食器が乾燥棚に残されていないか？（まな板は水切り棚）,□
キッチン,TV,,,床面クイックルワイパー,□
キッチン,TV,,,ワイパーのシート交換,□
キッチン,TV,,,掃除機かけ,□
キッチン,TV,,,【床面テカってない？】,□
キッチン,TV,,,【髪の毛おちていない？】,□
キッチン,TV,,,イスとテーブルの整頓,□
キッチン,TV,,,テーブルの上にラミネートの注意書き2枚置く（騒音、ゴミ捨て）,□
キッチン,TV,,,のれんが汚れていれば洗濯,□
キッチン,TV,,,換気扇は常時ON,□
キッチン,TV,,,窓閉めた？,□
キッチン,TV,,,TV OFF？,□
キッチン,TV,,,エアコンOFF？,□
キッチン,TV,,,【髪の毛など落ちていない？】,□
キッチン,TV,,,消灯,□
キッチン,写真（キッチン）,,,写真（キッチン）,
キッチン,写真（キッチン）,![20250926_082524.jpg](20250926_082524.jpg),,![20250926_082524.jpg](20250926_082524.jpg),
キッチン,写真（キッチン）,![20250926_082345.jpg](20250926_082345.jpg),,![20250926_082345.jpg](20250926_082345.jpg),
キッチン,写真（キッチン）,![20250926_102935.jpg](20250926_102935.jpg),,![20250926_102935.jpg](20250926_102935.jpg),
キッチン,写真（キッチン）,![20250926_082530.jpg](20250926_082530.jpg),,![20250926_082530.jpg](20250926_082530.jpg),
キッチン,写真（キッチン）,![20250926_083941.jpg](50dcb555-7afd-40a5-a8aa-af4f73ada4d0.png),,![20250926_083941.jpg](50dcb555-7afd-40a5-a8aa-af4f73ada4d0.png),
キッチン,写真（キッチン）,![20250926_082535.jpg](20250926_082535.jpg),,![20250926_082535.jpg](20250926_082535.jpg),
キッチン,写真（キッチン）,![20250926_082540.jpg](20250926_082540.jpg),,![20250926_082540.jpg](20250926_082540.jpg),
1階トイレ前廊下,,,,1階トイレ前廊下,
1階トイレ前廊下,（綿壁触れないよう注意）,,,（綿壁触れないよう注意）,
1階トイレ前廊下,ほこり取り,,,ほこり取り,
1階トイレ前廊下,ほこり取り,,,照明,□
1階トイレ前廊下,ほこり取り,,,トイレドアの窓回り,□
1階トイレ前廊下,掃除機かけ,,,掃除機かけ,
1階トイレ前廊下,掃除機かけ,,,両サイドの木見切りの上,□
1階トイレ前廊下,掃除機かけ,,,床面,□
1階トイレ前廊下,掃除機かけ,,,砂など落ちていない？,□
1階トイレ前廊下,掃除機かけ,,,消灯,□
1階廊下,,,,1階廊下,
1階廊下,（綿壁触れないよう注意）,,,（綿壁触れないよう注意）,
1階廊下,（綿壁触れないよう注意）,,,備品庫のドア開けて換気（番号007）,□
1階廊下,（綿壁触れないよう注意）,,,BBQセット、必要な場合は備品庫からとりだす,□
1階廊下,ほこり取り,,,ほこり取り,
1階廊下,ほこり取り,,,備品庫ドアの格子,□
1階廊下,ほこり取り,,,照明,□
1階廊下,ほこり取り,,,消火器,□
1階廊下,ほこり取り,,,階段下の棚,□
1階廊下,ほこり取り,,,コロコロ（室内スリッパの裏（8セット）,□
1階廊下,ほこり取り,,,室内スリッパの整頓,□
1階廊下,補充,,,補充,
1階廊下,補充,,,トイレットペーパー,□
1階廊下,補充,,,ラーメン,□
1階廊下,補充,,,ガスボンベ,□
1階廊下,掃除機かけ,,,掃除機かけ,
1階廊下,掃除機かけ,,,スリッパかけ、消火器の下,□
1階廊下,掃除機かけ,,,階段下の衣装ケースの上,□
1階廊下,掃除機かけ,,,階段下の衣装ケースの下,□
1階廊下,掃除機かけ,,,備品庫の中。軽くでよい,□
1階廊下,掃除機かけ,,,床面,□
1階廊下,掃除機かけ,,,砂など落ちていない？,□
1階廊下,掃除機かけ,,,髪の毛など落ちていない？,□
1階廊下,掃除機かけ,,,備品庫のドアを施錠（番号007）,□
1階廊下,掃除機かけ,,,消灯,□
玄関,,,,玄関,
玄関,,,,玄関　鏡前のほうき・チリトリの有無チェック,□
玄関,補充,,,補充,
玄関,補充,,,殺虫スプレー（くも）振って確認,□
玄関,補充,,,殺虫スプレー（ムカデ）振って確認,□
玄関,補充,,,殺虫スプレー（ハチ）振って確認,□
玄関,補充,,,スーツケースのキャスターのカバー,□
玄関,補充,,,チラシなど（随時追加予定）,□
玄関,チェック,,,チェック,
玄関,チェック,,,マド拭きシートの有無（靴箱内）,□
玄関,チェック,,,救急箱（靴箱内）,□
玄関,チェック,,,充電ケーブルの有無（靴箱内）,□
玄関,チェック,,,文房具（靴箱内）,□
玄関,ほこり取り,,,ほこり取り,
玄関,ほこり取り,,,照明,□
玄関,ほこり取り,,,玄関ドアの上のほうなど,□
玄関,ほこり取り,,,和室の引き戸の上,□
玄関,ほこり取り,,,靴箱みたいな棚の全体,□
玄関,ほこり取り,,,拭き掃除（カガミ,□
玄関,ほこり取り,,,はき掃除,□
玄関,ほこり取り,,,土間,□
玄関,ほこり取り,,,玄関ドアの下のミゾ,□
玄関,ほこり取り,,,掃除機かけ,□
玄関,ほこり取り,,,玄関マットをはたく（外で）,□
玄関,ほこり取り,,,玄関外の靴箱の上の掃除,□
玄関,ほこり取り,,,屋外スリッパの整頓（大1、小2）,□
玄関,ほこり取り,,,ほうき、ちりとりの整頓,□
玄関,ほこり取り,,,砂、小石など落ちていないか？,□
玄関,写真,,,写真,
玄関,写真,![20250926_092006.jpg](20250926_092006.jpg),,![20250926_092006.jpg](20250926_092006.jpg),
玄関,写真,![20250926_092010.jpg](20250926_092010.jpg),,![20250926_092010.jpg](20250926_092010.jpg),
玄関,写真,![20250926_091959.jpg](20250926_091959.jpg),,![20250926_091959.jpg](20250926_091959.jpg),
最終チェック,,,,最終チェック,
最終チェック,宿泊人数分用意するもの,,,宿泊人数分用意するもの,
最終チェック,宿泊人数分用意するもの,フェイスタオル,,フェイスタオル,
最終チェック,宿泊人数分用意するもの,フェイスタオル,,2階トイレ　1枚,□
最終チェック,宿泊人数分用意するもの,フェイスタオル,,1階トイレ　1枚,□
最終チェック,宿泊人数分用意するもの,フェイスタオル,,キッチン　1枚,□
最終チェック,宿泊人数分用意するもの,フェイスタオル,,洗面台　1枚,□
最終チェック,宿泊人数分用意するもの,フェイスタオル,,洗濯機の棚上　人数分,□
最終チェック,宿泊人数分用意するもの,フェイスタオル,,バスタオル　洗濯機の棚上　人数分,□
最終チェック,宿泊人数分用意するもの,フェイスタオル,,足タオル　洗濯機にかけておく　1枚,□
最終チェック,宿泊人数分用意するもの,フェイスタオル,,食器ふきタオル　キッチン水切り棚にひっかける　1枚,□
最終チェック,宿泊人数分用意するもの,フェイスタオル,,1、2名　→　2階マットのみベッド化して使用,□
最終チェック,宿泊人数分用意するもの,フェイスタオル,,3～8名　→　1階和室　シングルの数量あってる？,□
最終チェック,宿泊人数分用意するもの,フェイスタオル,,9～10名　→　1階和室の数量と2階のマットもベッド化してる？,□
最終チェック,戸締り確認,,,戸締り確認,
最終チェック,戸締り確認,,,お風呂　換気扇は常時ON,□
最終チェック,戸締り確認,,,キッチン　換気扇は常時ON,□
最終チェック,戸締り確認,,,エアコンOFF　2階リビング,□
最終チェック,戸締り確認,,,エアコンOFF　和室1,□
最終チェック,戸締り確認,,,エアコンOFF　和室2,□
最終チェック,戸締り確認,,,エアコンOFF　キッチン,□
最終チェック,戸締り確認,,,和室押入　閉じた？,□
最終チェック,戸締り確認,,,脱衣所の収納扉　閉めた？,□
最終チェック,戸締り確認,,,1階備品庫　施錠した？,□
最終チェック,戸締り確認,,,2階備品庫　施錠した？,□
最終チェック,戸締り確認,,,照明OFF　全部屋,□
最終チェック,戸締り確認,,,マド施錠　全部屋,□
最終チェック,戸締り確認,,,忘れ物ない？,□
最終チェック,持って出るもの,,,持って出るもの,
最終チェック,持って出るもの,,,使用済みリネン（シーツ、タオル）,□
最終チェック,持って出るもの,,,ゴミ,□
最終チェック,持って出るもの,,,個人の荷物,□
最終チェック,持って出るもの,,,ホテルのカギ,□
最終チェック,最後の最後,,,最後の最後,
最終チェック,最後の最後,,,テラスでやり残した作業はない？,□
最終チェック,最後の最後,,,チェック漏れないかリスト再確認,□
最終チェック,最後の最後,,,玄関ドア施錠,□
最終チェック,最後の最後,,,カギをキーボックスへ入れる,□
最終チェック,最後の最後,,,ゴミ捨て（未舗装駐車場のゴミボックスへ）,□
最終チェック,最後の最後,,,いっぱいになりそうなときは西山へ連絡,□
【模索中】リネンの洗濯、乾燥方法,,,,【模索中】リネンの洗濯、乾燥方法,
【模索中】リネンの洗濯、乾燥方法,作業時間中にコインランドリーで洗濯乾燥。,,,作業時間中にコインランドリーで洗濯乾燥。,
【模索中】リネンの洗濯、乾燥方法,（洗濯から乾燥までいっぺんにやってくれるタイプを使用してください）,,,（洗濯から乾燥までいっぺんにやってくれるタイプを使用してください）,
【模索中】リネンの洗濯、乾燥方法,待ち時間はもったいないからホテルに戻って作業。,,,待ち時間はもったいないからホテルに戻って作業。,
【模索中】リネンの洗濯、乾燥方法,乾燥が終わるころにまた回収しに行く。,,,乾燥が終わるころにまた回収しに行く。,
【模索中】リネンの洗濯、乾燥方法,コインランドリーで畳んで（もしくはホテルに持ち帰ってから畳んで）ホテルの引出しに収納。,,,コインランドリーで畳んで（もしくはホテルに持ち帰ってから畳んで）ホテルの引出しに収納。,
【模索中】リネンの洗濯、乾燥方法,宿泊人数多い場合は洗濯乾燥機一台に入りきらないとは思いますが、なるべく少ない台数で効率よく使用するようお願いします。「藤三」や「PECO SHOP 広中新開」の一番大きい機械だと6人分くらいなら全部入れられると思います。ただ、敷布団カバーの中にタオルなどが入り込んだり、シーツが団子になったりで、乾ききらない場合があります。その場合は乾いていないものだけ乾燥機で追加乾燥。また、一番大きい機械は2台しかないので両方他者が利用している可能性あり。,,,宿泊人数多い場合は洗濯乾燥機一台に入りきらないとは思いますが、なるべく少ない台数で効率よく使用するようお願いします。「藤三」や「PECO SHOP 広中新開」の一番大きい機械だと6人分くらいなら全部入れられると思います。ただ、敷布団カバーの中にタオルなどが入り込んだり、シーツが団子になったりで、乾ききらない場合があります。その場合は乾いていないものだけ乾燥機で追加乾燥。また、一番大きい機械は2台しかないので両方他者が利用している可能性あり。,
【模索中】リネンの洗濯、乾燥方法,コインランドリー料金はあとで返金します。領収書を西山へ。,,,コインランドリー料金はあとで返金します。領収書を西山へ。,
【模索中】リネンの洗濯、乾燥方法,もっとよい方法を募集中＆模索中です。,,,もっとよい方法を募集中＆模索中です。,
【終了時刻】,,,,【終了時刻】,
|  |,,,,|  |,
| --- |,,,,| --- |,
以下、自由記入欄,,,,以下、自由記入欄,
|  |,,,,|  |,
| --- |,,,,| --- |,
リストの修正点,,,,リストの修正点,
在庫切れになりそうなもの,,,,在庫切れになりそうなもの,
その他、気づいたことなんでも,,,,その他、気づいたことなんでも,
おわり,,,,おわり,
